{
  "method": "PCA",
  "explained_variance": [
    0.7393137959968615,
    0.08932933747135519
  ],
  "clusters": {
    "0": {
      "x": 5.687712333039314,
      "y": -3.1737501133807915
    },
    "1": {
      "x": 8.147569946014308,
      "y": -2.1932750950821367
    },
    "2": {
      "x": 6.899944625045065,
      "y": 2.4080320353158977
    },
    "3": {
      "x": 10.85878899903835,
      "y": 1.4507988310853266
    },
    "4": {
      "x": 3.582017281857043,
      "y": -1.198159191994242
    },
    "5": {
      "x": -0.08801088641655243,
      "y": -2.8231807647622675
    },
    "6": {
      "x": 0.6174534469356071,
      "y": 2.157864350469529
    },
    "7": {
      "x": 1.374922818685921,
      "y": 0.8909869760344679
    },
    "8": {
      "x": -0.6146152903102171,
      "y": 1.6891222734009446
    },
    "9": {
      "x": -2.0620860579168983,
      "y": 2.6572754783235624
    },
    "10": {
      "x": -5.683799845225082,
      "y": 0.5500156849913705
    },
    "11": {
      "x": -5.529553376242013,
      "y": -2.1778359565722183
    },
    "12": {
      "x": -4.897918223400085,
      "y": -1.7387281849043614
    },
    "13": {
      "x": -7.305396697113089,
      "y": 2.882671243707152
    },
    "14": {
      "x": -10.987029073991671,
      "y": -1.3818375666322344
    }
  }
}