{
  "ideology": {
    "variable": "V241177",
    "desc": "Self ideology (1=liberal, 7=conservative)",
    "cv_score": 0.4891666666666667,
    "cluster_predictions": {
      "0": 2.0,
      "1": 2.0,
      "2": 2.0,
      "3": 2.0,
      "4": 4.0,
      "5": 4.0,
      "6": 4.0,
      "7": 4.0,
      "8": 4.0,
      "9": 4.0,
      "10": 6.0,
      "11": 6.0,
      "12": 6.0,
      "13": 6.0,
      "14": 6.0
    }
  },
  "religious_attendance": {
    "variable": "V241725",
    "desc": "Religious attendance (1=never, 6=weekly+)",
    "cv_score": 0.41840120663650077,
    "cluster_predictions": {
      "0": 1.0,
      "1": 1.0,
      "2": 1.0,
      "3": 1.0,
      "4": 1.0,
      "5": 2.0,
      "6": 1.0,
      "7": 1.0,
      "8": 1.0,
      "9": 1.0,
      "10": 1.0,
      "11": 2.0,
      "12": 2.0,
      "13": 2.0,
      "14": 5.0
    }
  },
  "guaranteed_jobs": {
    "variable": "V241252",
    "desc": "Guaranteed jobs/income (1=gov ensures, 7=people on their own)",
    "cv_score": 0.7942854651416281,
    "cluster_predictions": {
      "0": 3.0,
      "1": 3.0,
      "2": 3.0,
      "3": 2.0,
      "4": 4.0,
      "5": 4.0,
      "6": 3.0,
      "7": 3.0,
      "8": 4.0,
      "9": 4.0,
      "10": 4.0,
      "11": 5.0,
      "12": 5.0,
      "13": 6.0,
      "14": 6.0
    }
  },
  "gay_marriage": {
    "variable": "V241381x",
    "desc": "Gay marriage (summary scale, higher = oppose)",
    "cv_score": 0.8054632705795496,
    "cluster_predictions": {
      "0": 1.0,
      "1": 1.0,
      "2": 1.0,
      "3": 1.0,
      "4": 1.0,
      "5": 2.0,
      "6": 2.0,
      "7": 2.0,
      "8": 2.0,
      "9": 2.0,
      "10": 2.0,
      "11": 2.0,
      "12": 2.0,
      "13": 2.0,
      "14": 2.0
    }
  },
  "israel_aid": {
    "variable": "V241741",
    "desc": "Military assistance to Israel (1=favor, 3=neither, 2=oppose)",
    "cv_score": 0.5502013950289814,
    "cluster_predictions": {
      "0": 1.0,
      "1": 3.0,
      "2": 3.0,
      "3": 3.0,
      "4": 3.0,
      "5": 1.0,
      "6": 3.0,
      "7": 3.0,
      "8": 3.0,
      "9": 3.0,
      "10": 3.0,
      "11": 1.0,
      "12": 1.0,
      "13": 1.0,
      "14": 5.0
    }
  },
  "ukraine_aid": {
    "variable": "V241740",
    "desc": "Weapons to Ukraine (1=favor, 3=neither, 2=oppose)",
    "cv_score": 0.5027322404371585,
    "cluster_predictions": {
      "0": 1.0,
      "1": 5.0,
      "2": 1.0,
      "3": 5.0,
      "4": 1.0,
      "5": 1.0,
      "6": 3.0,
      "7": 3.0,
      "8": 3.0,
      "9": 3.0,
      "10": 3.0,
      "11": 1.0,
      "12": 1.0,
      "13": 3.0,
      "14": 1.0
    }
  }
}