{
  "quiz_features": [
    "V241403x",
    "V241395x",
    "V241375x",
    "V241372x",
    "V241400x",
    "V241319x",
    "V241409x",
    "V241258",
    "V241412x",
    "V241366x"
  ],
  "all_feature_importance": {
    "V241228": 0.005111,
    "V241234": 0.00322,
    "V241229": 0.005212,
    "V241230": 0.00462,
    "V241231": 0.001509,
    "V241248": 0.019624,
    "V241290x": 0.031153,
    "V241372x": 0.052447,
    "V241375x": 0.057798,
    "V241378x": 0.010129,
    "V241381x": 0.014461,
    "V241385x": 0.00369,
    "V241232": 0.002317,
    "V241239": 0.027787,
    "V241242": 0.022162,
    "V241245": 0.019832,
    "V241269x": 0.01161,
    "V241389x": 0.024187,
    "V241386": 0.009449,
    "V241392x": 0.014938,
    "V241395x": 0.058295,
    "V241396": 0.004484,
    "V241312x": 0.012074,
    "V241313": 0.004087,
    "V241400x": 0.050858,
    "V241366x": 0.037115,
    "V241284x": 0.021171,
    "V241258": 0.039073,
    "V241287x": 0.009176,
    "V241266x": 0.009825,
    "V241319x": 0.049275,
    "V241322x": 0.00994,
    "V241330x": 0.015184,
    "V241397": 0.031594,
    "V241308x": 0.005867,
    "V241272x": 0.006741,
    "V241335": 0.007438,
    "V241341": 0.006695,
    "V241255": 0.033204,
    "V241363x": 0.005941,
    "V241369x": 0.020852,
    "V241252": 0.026132,
    "V241263x": 0.004548,
    "V241278x": 0.002734,
    "V241281x": 0.009668,
    "V241403x": 0.070363,
    "V241406x": 0.022932,
    "V241409x": 0.044988,
    "V241412x": 0.03849
  },
  "validation": {
    "full_accuracy": 0.7857,
    "quiz_accuracy": 0.6099,
    "accuracy_ratio": 0.7762,
    "n_features_full": 49,
    "n_features_quiz": 10
  }
}